Epoch,Train_Loss,Val_Loss
1,0.78335,0.49962
2,0.44668,0.41074
3,0.38701,0.37374
4,0.35531,0.34873
5,0.33578,0.33419
6,0.32183,0.32327
7,0.31083,0.31582
8,0.30270,0.31063
9,0.29583,0.30311
10,0.29005,0.29921
11,0.28497,0.29504
12,0.28061,0.29271
13,0.27686,0.29089
14,0.27346,0.28664
15,0.27044,0.28803
16,0.26755,0.28384
17,0.26489,0.28545
18,0.26278,0.28025
19,0.26047,0.28245
20,0.25859,0.27977
